                  epoch,         train/box_loss,         train/seg_loss,         train/cls_loss,         train/dfl_loss,   metrics/precision(B),      metrics/recall(B),       metrics/mAP50(B),    metrics/mAP50-95(B),   metrics/precision(M),      metrics/recall(M),       metrics/mAP50(M),    metrics/mAP50-95(M),           val/box_loss,           val/seg_loss,           val/cls_loss,           val/dfl_loss,                 lr/pg0,                 lr/pg1,                 lr/pg2
                      1,                 3.4905,                 5.7145,                 3.8665,                 3.0416,                0.00492,                0.55357,                0.01045,                0.00342,                      0,                      0,                      0,                      0,                 2.9965,                 4.0458,                 3.5794,                  2.829,                 0.0001,                 0.0001,                 0.0001
                      2,                 2.7364,                 5.1677,                 3.3853,                 2.3738,                0.00778,                  0.875,                0.04752,                0.01114,                      0,                      0,                      0,                      0,                 2.8202,                 4.0017,                 3.3726,                 2.2046,             0.00021978,             0.00021978,             0.00021978
                      3,                 2.2084,                 4.3719,                 3.1353,                  1.862,                0.00825,                0.92857,                0.14136,                0.04049,                      0,                      0,                      0,                      0,                  2.139,                   4.12,                 3.1301,                 1.7071,             0.00033933,             0.00033933,             0.00033933
                      4,                 2.1218,                 4.2819,                 3.0395,                  1.727,                0.00794,                0.89286,                0.04869,                0.02143,                      0,                      0,                      0,                      0,                 2.0475,                 4.0567,                 3.1781,                 1.6113,             0.00045863,             0.00045863,             0.00045863
                      5,                 1.9789,                 4.1344,                 2.9042,                 1.6333,                0.00857,                0.96429,                0.12059,                0.03075,                      0,                      0,                      0,                      0,                 2.2261,                 4.1575,                 3.2497,                 1.7624,              0.0005777,              0.0005777,              0.0005777
                      6,                 1.9008,                 4.0745,                 2.7195,                 1.6232,                0.00841,                0.94643,                0.08423,                0.02982,                      0,                      0,                      0,                      0,                 2.1372,                 4.6704,                 3.3696,                 1.8223,             0.00069653,             0.00069653,             0.00069653
                      7,                 1.9198,                 4.0405,                 2.6055,                 1.6342,                0.00825,                0.92857,                0.14825,                0.04881,                      0,                      0,                      0,                      0,                 2.0316,                  5.359,                 3.1214,                 1.8436,             0.00081513,             0.00081513,             0.00081513
                      8,                 1.9379,                 4.0489,                 2.6762,                 1.6211,                0.00825,                0.92857,                0.02897,                0.00714,                      0,                      0,                      0,                      0,                 2.8705,                 4.6725,                  3.621,                 2.7379,             0.00093349,             0.00093349,             0.00093349
                      9,                 1.9499,                  3.988,                 2.4907,                 1.6971,                0.00492,                0.55357,                0.00498,                0.00095,                      0,                      0,                      0,                      0,                 3.4771,                 5.1352,                 3.6016,                  3.328,              0.0010516,              0.0010516,              0.0010516
                     10,                 1.9505,                 4.0274,                 2.5551,                 1.6857,                0.00778,                  0.875,                0.03514,                0.00687,                0.00016,                0.01786,                  8e-05,                  1e-05,                 3.1263,                 4.5811,                  3.203,                 3.1426,              0.0011695,              0.0011695,              0.0011695
                     11,                 1.9007,                 3.9284,                 2.4838,                  1.732,                0.00619,                0.69643,                0.07198,                0.02056,                      0,                      0,                      0,                      0,                 2.9523,                 4.3037,                 3.3543,                  2.645,              0.0012871,              0.0012871,              0.0012871
                     12,                 1.8414,                 3.8768,                 2.3394,                 1.6487,                0.00333,                  0.375,                0.02296,                0.00738,                      0,                      0,                      0,                      0,                 3.8424,                 5.2005,                 3.8478,                 3.4104,              0.0014045,              0.0014045,              0.0014045
                     13,                 1.8999,                 3.9189,                 2.2852,                 1.6545,                 0.0046,                0.51786,                0.03892,                0.01158,                      0,                      0,                      0,                      0,                 3.1426,                 5.0215,                 3.3673,                 2.6901,              0.0015217,              0.0015217,              0.0015217
                     14,                 1.8122,                 3.7942,                 2.2727,                 1.5703,                0.00556,                  0.625,                0.06081,                0.02294,                      0,                      0,                      0,                      0,                 2.5255,                 5.1032,                 3.0027,                 2.4782,              0.0016386,              0.0016386,              0.0016386
                     15,                 1.7977,                 3.9022,                 2.2375,                 1.6093,                0.09058,                0.01786,                 0.0537,                0.02044,                      0,                      0,                      0,                      0,                 2.4281,                 4.7307,                 2.8829,                 2.5136,              0.0017553,              0.0017553,              0.0017553
                     16,                 1.7969,                  3.931,                 2.2028,                 1.6085,                0.26537,                0.17425,                0.14709,                 0.0495,                      0,                      0,                      0,                      0,                 2.3335,                 4.3106,                 2.6701,                 2.1205,              0.0018718,              0.0018718,              0.0018718
                     17,                 1.7804,                 3.8051,                 2.1221,                 1.5972,                0.25728,                0.39286,                0.21968,                0.09025,                      0,                      0,                      0,                      0,                 2.2542,                 4.4323,                 2.4721,                 2.3436,              0.0019683,              0.0019683,              0.0019683
                     18,                 1.7418,                 3.8607,                 2.2197,                  1.606,                0.21112,                0.32143,                0.16781,                0.07488,                0.00016,                0.01786,                  8e-05,                  1e-05,                   2.23,                 4.3426,                 2.8148,                 2.3903,              0.0019663,              0.0019663,              0.0019663
                     19,                 1.8056,                 3.9381,                  2.177,                 1.6093,                0.17416,                0.28571,                0.12287,                0.04833,                      0,                      0,                      0,                      0,                 2.6051,                 4.1368,                 3.1568,                 3.0366,              0.0019644,              0.0019644,              0.0019644
                     20,                 1.7048,                 3.7917,                 2.1463,                 1.5701,                0.29879,                0.33929,                0.22355,                0.08597,                      0,                      0,                      0,                      0,                 2.3369,                 4.6203,                 2.9766,                 2.3234,              0.0019624,              0.0019624,              0.0019624
                     21,                 1.8078,                 3.7376,                 2.1624,                 1.6421,                0.30503,                0.35714,                0.28578,                0.14192,                0.00016,                0.01786,                  9e-05,                  3e-05,                 2.1106,                 4.3309,                 2.9207,                 1.9886,              0.0019604,              0.0019604,              0.0019604
                     22,                 1.7744,                 3.7426,                 2.0984,                 1.5783,                0.41039,                0.33929,                0.26527,                 0.1186,                      0,                      0,                      0,                      0,                 2.1165,                 4.3414,                 2.9947,                 2.2645,              0.0019584,              0.0019584,              0.0019584
                     23,                  1.722,                 3.8045,                 1.9905,                 1.5607,                0.37029,                0.46429,                 0.2825,                0.13114,                      0,                      0,                      0,                      0,                 2.1704,                   4.16,                 3.1552,                 2.2705,              0.0019564,              0.0019564,              0.0019564
                     24,                 1.6831,                 3.7577,                 1.9068,                 1.5668,                0.40975,                0.41071,                0.33122,                0.12653,                      0,                      0,                      0,                      0,                 1.8998,                 4.3112,                 3.4054,                 1.9184,              0.0019545,              0.0019545,              0.0019545
                     25,                 1.7052,                 3.7428,                 1.9723,                 1.5598,                0.51903,                0.32143,                0.28888,                0.10899,                0.00125,                0.03571,                0.00022,                  3e-05,                 1.8714,                 4.5199,                 3.5171,                 1.7713,              0.0019525,              0.0019525,              0.0019525
                     26,                 1.7909,                 3.7207,                 2.1525,                 1.6378,                0.41356,                0.30357,                0.28491,                0.12132,                0.00025,                0.01786,                 0.0001,                  1e-05,                 1.8546,                 5.0918,                 2.6006,                 1.6086,              0.0019505,              0.0019505,              0.0019505
                     27,                 1.6959,                 3.9165,                 2.1446,                 1.5396,                0.33418,                0.55357,                0.35831,                0.13683,                      0,                      0,                      0,                      0,                 2.0506,                 4.6011,                  2.329,                 1.9408,              0.0019485,              0.0019485,              0.0019485
                     28,                 1.7383,                 3.7627,                  2.016,                 1.5645,                0.47872,                  0.375,                0.34818,                 0.1457,                      0,                      0,                      0,                      0,                 2.5248,                 4.3072,                  2.648,                 3.0052,              0.0019465,              0.0019465,              0.0019465
                     29,                 1.6483,                 3.5565,                 1.9157,                 1.4953,                0.50731,                0.35714,                0.32853,                0.11553,                      0,                      0,                      0,                      0,                 2.5162,                 4.2538,                 2.6013,                 2.6721,              0.0019446,              0.0019446,              0.0019446
                     30,                 1.6745,                 3.7232,                  1.907,                 1.5214,                0.37749,                0.45487,                0.30815,                0.12059,                      0,                      0,                      0,                      0,                 2.2091,                 4.0709,                 2.4778,                 1.8733,              0.0019426,              0.0019426,              0.0019426
                     31,                 1.6185,                 3.7129,                 1.8546,                  1.503,                0.49283,                0.35714,                0.26132,                0.09942,                      0,                      0,                      0,                      0,                 2.3312,                 4.5305,                 2.5721,                 2.0392,              0.0019406,              0.0019406,              0.0019406
                     32,                 1.6968,                 3.7353,                 2.0162,                 1.5658,                0.34541,                0.32143,                0.21922,                0.09072,                0.00018,                0.01786,                0.00013,                  1e-05,                 2.5414,                 4.0576,                 2.4811,                 2.2161,              0.0019386,              0.0019386,              0.0019386
                     33,                 1.6469,                 3.6946,                 1.9439,                  1.493,                0.50046,                0.35714,                 0.3283,                0.13838,                      0,                      0,                      0,                      0,                 2.2478,                 4.1512,                 2.0725,                 1.8849,              0.0019366,              0.0019366,              0.0019366
                     34,                 1.6677,                 3.6006,                  1.909,                  1.508,                0.59548,                0.33929,                0.38726,                0.15546,                0.00016,                0.01786,                0.00012,                  1e-05,                 2.0827,                 4.7182,                   2.29,                 1.6808,              0.0019347,              0.0019347,              0.0019347
                     35,                   1.66,                 3.7388,                 1.8837,                 1.5398,                0.35985,                0.46429,                0.34666,                0.14887,                0.00016,                0.01786,                  8e-05,                  1e-05,                 2.0224,                 4.5155,                 2.3788,                 1.6748,              0.0019327,              0.0019327,              0.0019327
                     36,                 1.5799,                 3.6466,                 1.8442,                 1.4815,                0.39931,                0.33929,                 0.3479,                0.15309,                      0,                      0,                      0,                      0,                 2.0053,                 4.2002,                 2.1381,                 1.6344,              0.0019307,              0.0019307,              0.0019307
                     37,                 1.5398,                 3.5927,                 1.7941,                 1.4752,                0.57653,                0.41071,                0.40045,                0.15888,                      0,                      0,                      0,                      0,                 2.1882,                 4.3015,                 2.1033,                 1.9317,              0.0019287,              0.0019287,              0.0019287
                     38,                 1.5398,                 3.6193,                 1.8938,                 1.4705,                 0.7013,                0.33552,                0.39825,                0.15587,                      0,                      0,                      0,                      0,                 2.1011,                 4.4359,                 2.1675,                 1.9479,              0.0019267,              0.0019267,              0.0019267
                     39,                 1.6068,                 3.5694,                 1.8519,                  1.486,                0.46152,                0.42857,                 0.3523,                0.13177,                      0,                      0,                      0,                      0,                 2.1665,                 4.5708,                 2.3123,                 1.9731,              0.0019248,              0.0019248,              0.0019248
                     40,                 1.5509,                 3.6721,                 1.8158,                 1.4589,                0.39135,                0.46429,                0.30203,                0.09777,                      0,                      0,                      0,                      0,                 2.2042,                 4.5207,                 2.4469,                 1.8647,              0.0019228,              0.0019228,              0.0019228
                     41,                 1.6408,                 3.5631,                 1.7972,                 1.4812,                 0.3234,                0.44643,                0.24693,                0.07434,                      0,                      0,                      0,                      0,                 2.2041,                 4.4274,                 2.4895,                 1.8539,              0.0019208,              0.0019208,              0.0019208
                     42,                 1.5861,                 3.5084,                 1.7313,                 1.4684,                0.36631,                0.42857,                  0.269,                0.09239,                      0,                      0,                      0,                      0,                 2.0299,                 4.5191,                 2.1321,                 1.7111,              0.0019188,              0.0019188,              0.0019188
                     43,                 1.5964,                 3.5169,                 1.7232,                 1.4421,                0.39405,                0.51786,                0.37417,                0.13365,                0.01109,                0.01786,                0.00034,                 0.0001,                 1.9041,                 4.4925,                 2.0096,                 1.5706,              0.0019168,              0.0019168,              0.0019168
                     44,                 1.4926,                 3.5192,                 1.7875,                 1.3996,                0.63246,                0.36887,                0.49794,                 0.2076,                      0,                      0,                      0,                      0,                 1.8558,                 4.5902,                 1.8361,                 1.5479,              0.0019149,              0.0019149,              0.0019149
                     45,                 1.5207,                 3.4788,                 1.7415,                 1.4596,                0.47864,                0.44643,                0.42366,                 0.1777,                0.00021,                0.01786,                0.00013,                  1e-05,                 1.8958,                 4.5299,                 1.7976,                 1.5445,              0.0019129,              0.0019129,              0.0019129
                     46,                  1.502,                 3.4808,                 1.7584,                 1.4137,                0.43521,                0.44039,                0.38412,                0.14742,                      0,                      0,                      0,                      0,                 2.0159,                 4.5525,                 1.8627,                 1.6033,              0.0019109,              0.0019109,              0.0019109
                     47,                 1.4869,                 3.5003,                 1.6435,                 1.3791,                0.39046,                0.46429,                0.34634,                0.12924,                      0,                      0,                      0,                      0,                 1.9998,                 4.1848,                 1.8739,                 1.6034,              0.0019089,              0.0019089,              0.0019089
                     48,                 1.4577,                  3.413,                  1.687,                 1.3619,                0.32285,                    0.5,                0.30881,                0.14068,                0.05601,                0.01786,                0.00161,                0.00032,                 1.7419,                  4.463,                  1.872,                 1.4602,              0.0019069,              0.0019069,              0.0019069
                     49,                  1.489,                 3.4482,                 1.6872,                 1.4008,                0.31137,                0.42857,                 0.3198,                0.15518,                0.02752,                0.01786,                0.00131,                0.00016,                 1.7383,                 4.4517,                 1.8155,                 1.4786,               0.001905,               0.001905,               0.001905
                     50,                  1.545,                 3.5894,                 1.7219,                 1.4446,                0.39204,                0.44643,                0.36851,                0.16987,                0.00482,                0.01786,                0.00059,                  8e-05,                 1.8221,                 4.2604,                 1.7887,                 1.5179,               0.001903,               0.001903,               0.001903
                     51,                 1.4765,                 3.5297,                 1.7159,                  1.435,                0.28108,                0.49572,                0.31567,                0.13315,                0.00207,                0.01786,                0.00027,                  5e-05,                  1.907,                 4.0022,                 1.8288,                 1.5665,               0.001901,               0.001901,               0.001901
                     52,                 1.4686,                 3.4971,                 1.6439,                 1.3833,                0.27083,                0.41071,                0.21928,                0.08975,                      0,                      0,                      0,                      0,                 2.0801,                 3.9021,                 2.1811,                 1.6482,               0.001899,               0.001899,               0.001899
                     53,                 1.4563,                 3.4256,                 1.6493,                 1.3204,                0.28536,                0.42857,                0.27723,                0.10556,                0.00049,                0.01786,                0.00026,                  3e-05,                 2.0827,                 3.9101,                 1.9803,                 1.6036,               0.001897,               0.001897,               0.001897
                     54,                 1.3961,                 3.3245,                 1.5949,                 1.3103,                0.45261,                0.44643,                0.42094,                0.14622,                0.00056,                0.01786,                0.00032,                  6e-05,                 2.1514,                 3.8351,                 1.9614,                 1.7497,              0.0018951,              0.0018951,              0.0018951
                     55,                 1.4536,                 3.5071,                 1.5641,                 1.3176,                0.41341,                0.33929,                 0.3623,                0.11898,                      0,                      0,                      0,                      0,                 2.2029,                 3.7336,                 2.0174,                 1.7273,              0.0018931,              0.0018931,              0.0018931
                     56,                 1.4397,                 3.3942,                 1.6585,                 1.3855,                0.48445,                0.30207,                0.35544,                0.11732,                      0,                      0,                      0,                      0,                 2.1005,                 3.8662,                 2.0996,                 1.7171,              0.0018911,              0.0018911,              0.0018911
                     57,                 1.4338,                 3.4315,                 1.6412,                 1.3474,                0.44689,                0.41071,                0.38115,                0.12293,                      0,                      0,                      0,                      0,                  2.087,                 3.9215,                  2.002,                 1.6725,              0.0018891,              0.0018891,              0.0018891
                     58,                  1.436,                 3.4222,                 1.6568,                 1.3439,                0.42777,                0.41387,                0.36029,                0.11078,                      0,                      0,                      0,                      0,                 2.2004,                  4.085,                 2.2009,                 1.7062,              0.0018871,              0.0018871,              0.0018871
                     59,                 1.4728,                 3.4384,                 1.5321,                 1.3787,                0.44141,                0.25409,                0.27736,                0.09204,                      0,                      0,                      0,                      0,                 2.1286,                 4.1809,                 2.3523,                 1.7022,              0.0018852,              0.0018852,              0.0018852
                     60,                 1.4257,                 3.4293,                 1.5068,                  1.314,                0.61406,                0.19643,                0.25976,                0.08256,                      0,                      0,                      0,                      0,                 2.2944,                 4.0123,                  2.221,                 1.9399,              0.0018832,              0.0018832,              0.0018832
                     61,                 1.4317,                 3.4317,                 1.5843,                 1.3818,                0.25288,                0.26786,                 0.1384,                0.04519,                      0,                      0,                      0,                      0,                 2.9274,                  3.884,                  2.511,                 2.3027,              0.0018812,              0.0018812,              0.0018812
                     62,                 1.4177,                 3.4578,                 1.5514,                  1.345,                0.22248,                0.39286,                0.16242,                0.04705,                      0,                      0,                      0,                      0,                 2.7429,                 3.7972,                 2.4648,                 2.1415,              0.0018792,              0.0018792,              0.0018792
                     63,                 1.4886,                 3.3149,                 1.6052,                 1.3647,                0.41327,                0.42857,                0.30816,                0.09034,                      0,                      0,                      0,                      0,                 2.3781,                   3.88,                 2.2738,                  1.847,              0.0018772,              0.0018772,              0.0018772
                     64,                 1.4179,                 3.3384,                 1.5694,                 1.3509,                0.55281,                0.35328,                0.34035,                0.11282,                      0,                      0,                      0,                      0,                 2.1775,                 3.8997,                 2.2233,                 1.7111,              0.0018753,              0.0018753,              0.0018753
                     65,                 1.3702,                  3.415,                 1.4977,                 1.3576,                0.42061,                0.32414,                0.26768,                0.08595,                      0,                      0,                      0,                      0,                 2.2002,                 3.9322,                 2.3135,                 1.7096,              0.0018733,              0.0018733,              0.0018733
                     66,                 1.3496,                 3.2841,                 1.4706,                 1.3052,                0.30849,                0.35714,                0.18502,                0.06862,                      0,                      0,                      0,                      0,                 2.1313,                 4.1258,                 2.3845,                 1.6787,              0.0018713,              0.0018713,              0.0018713
                     67,                 1.3449,                 3.2239,                 1.5178,                 1.3281,                0.36133,                0.32143,                0.27665,                0.09829,                      0,                      0,                      0,                      0,                 2.0275,                 4.2057,                 2.3562,                 1.7112,              0.0018693,              0.0018693,              0.0018693
                     68,                 1.3825,                 3.2845,                 1.5204,                 1.3297,                0.32399,                0.28571,                0.28658,                 0.1233,                0.27298,                0.01786,                0.00517,                0.00052,                 2.0949,                 4.2021,                 2.1113,                 1.8156,              0.0018673,              0.0018673,              0.0018673
                     69,                 1.3086,                 3.2423,                 1.3973,                  1.299,                0.35107,                   0.25,                 0.3086,                0.12308,                      0,                      0,                      0,                      0,                 2.0619,                 4.0144,                 2.0645,                 1.7663,              0.0018654,              0.0018654,              0.0018654
                     70,                 1.3374,                 3.2506,                 1.3921,                 1.3453,                0.43012,                0.35714,                0.32328,                0.09623,                 0.0006,                0.03571,                0.00035,                  4e-05,                  2.076,                 4.0076,                 2.0467,                 1.7704,              0.0018634,              0.0018634,              0.0018634
                     71,                 1.3742,                 3.3176,                 1.5149,                  1.331,                0.52875,                0.33929,                0.34169,                0.11169,                0.00506,                0.03571,                0.00066,                  7e-05,                 2.1147,                 4.0581,                 2.0747,                 1.7199,              0.0018614,              0.0018614,              0.0018614
                     72,                  1.383,                 3.3205,                 1.4658,                 1.3688,                0.42852,                0.44643,                0.35453,                0.15379,                0.01076,                0.01786,                0.00172,                0.00022,                 1.8612,                 3.8541,                 1.8113,                 1.5516,              0.0018594,              0.0018594,              0.0018594
                     73,                 1.3256,                 3.2637,                 1.4571,                 1.3185,                0.49558,                0.39286,                0.38564,                0.18002,                      0,                      0,                      0,                      0,                 1.8539,                 3.8671,                 1.8176,                 1.5571,              0.0018574,              0.0018574,              0.0018574
                     74,                 1.3128,                 3.1641,                  1.422,                 1.2835,                0.35278,                    0.5,                0.32799,                0.11875,                      0,                      0,                      0,                      0,                 1.9804,                 4.3036,                 2.0242,                 1.6517,              0.0018555,              0.0018555,              0.0018555
                     75,                 1.2945,                 3.1862,                 1.4021,                 1.2993,                0.32347,                    0.5,                0.31308,                0.12008,                      0,                      0,                      0,                      0,                 1.8391,                 4.3754,                 2.0102,                 1.5611,              0.0018535,              0.0018535,              0.0018535
                     76,                 1.3122,                 3.1772,                 1.4474,                 1.2813,                 0.3659,                0.44643,                0.37474,                0.15751,                      0,                      0,                      0,                      0,                 1.8125,                 4.4912,                  2.048,                 1.5141,              0.0018515,              0.0018515,              0.0018515
                     77,                 1.3463,                 3.2484,                 1.4227,                 1.3075,                0.37698,                0.44643,                 0.3652,                0.15335,                0.00083,                0.01786,                0.00044,                  4e-05,                 1.8735,                 4.4806,                 2.0177,                 1.5191,              0.0018495,              0.0018495,              0.0018495
                     78,                 1.3477,                 3.3039,                 1.4693,                 1.2753,                0.37645,                0.51786,                0.46451,                0.18261,                0.00139,                0.03571,                0.00085,                0.00012,                 1.8894,                 4.6756,                 1.7891,                 1.5379,              0.0018475,              0.0018475,              0.0018475
                     79,                 1.3361,                 3.1511,                 1.3457,                 1.2863,                0.58832,                0.46429,                0.49432,                0.20672,                      0,                      0,                      0,                      0,                  1.815,                 4.8964,                 1.7073,                 1.5078,              0.0018456,              0.0018456,              0.0018456
                     80,                 1.3118,                 3.1571,                 1.3883,                 1.2887,                0.35847,                0.41915,                0.35069,                0.15885,                0.00036,                0.01786,                0.00022,                  2e-05,                 1.8397,                 5.0143,                 1.8679,                 1.5426,              0.0018436,              0.0018436,              0.0018436
                     81,                 1.3816,                 3.2402,                 1.4437,                 1.2921,                0.58303,                0.30357,                0.33745,                0.12805,                      0,                      0,                      0,                      0,                 1.8753,                 5.0653,                 1.8687,                 1.5598,              0.0018416,              0.0018416,              0.0018416
                     82,                  1.224,                  3.091,                 1.3072,                 1.2349,                0.45035,                0.33929,                0.35068,                0.16672,                   0.01,                0.01786,                0.00082,                0.00019,                 1.9824,                 4.5577,                 1.9837,                 1.6034,              0.0018396,              0.0018396,              0.0018396
                     83,                 1.3427,                 3.1529,                 1.4367,                 1.3371,                0.51386,                0.39644,                0.40685,                0.15652,                 0.0201,                0.03571,                0.00138,                0.00019,                 1.9928,                 4.6652,                  1.939,                 1.6306,              0.0018376,              0.0018376,              0.0018376
                     84,                 1.2667,                 3.0941,                 1.3568,                 1.2671,                0.50521,                0.57143,                0.44846,                0.14041,                0.01732,                0.01786,                 0.0012,                0.00018,                 2.0395,                 4.6776,                 1.8226,                  1.671,              0.0018357,              0.0018357,              0.0018357
                     85,                    1.3,                 3.2142,                 1.3176,                 1.2786,                0.48538,                0.53571,                0.42977,                0.13371,                0.01017,                0.01786,                0.00088,                  9e-05,                 1.9662,                 4.5795,                 1.7866,                 1.6335,              0.0018337,              0.0018337,              0.0018337
                     86,                 1.2961,                 3.1224,                 1.3891,                 1.2445,                 0.4082,                0.44346,                 0.3591,                0.11577,                      0,                      0,                      0,                      0,                 2.0034,                 4.2993,                 1.9041,                 1.5921,              0.0018317,              0.0018317,              0.0018317
                     87,                 1.2882,                 3.1743,                 1.4359,                 1.2679,                0.46144,                0.44643,                0.38545,                0.11851,                      0,                      0,                      0,                      0,                 1.9895,                 4.2577,                 1.8792,                 1.5716,              0.0018297,              0.0018297,              0.0018297
                     88,                  1.319,                 3.2313,                 1.3859,                 1.2613,                0.62256,                0.41071,                 0.4724,                0.14182,                      0,                      0,                      0,                      0,                 2.2139,                 4.3192,                 1.9493,                 1.7094,              0.0018277,              0.0018277,              0.0018277
                     89,                 1.2976,                 3.1426,                 1.2897,                 1.2772,                0.55768,                    0.5,                0.43963,                0.11659,                      0,                      0,                      0,                      0,                 2.2926,                  4.265,                 1.8745,                 1.7968,              0.0018258,              0.0018258,              0.0018258
                     90,                 1.2992,                 3.0134,                 1.3675,                 1.2792,                0.59547,                0.35714,                0.39462,                0.11556,                      0,                      0,                      0,                      0,                 2.3742,                 4.2594,                 1.9418,                 1.8786,              0.0018238,              0.0018238,              0.0018238
                     91,                 1.2434,                 2.8865,                 1.3049,                 1.2547,                0.78948,                0.33497,                0.42945,                0.11993,                      0,                      0,                      0,                      0,                 2.3828,                  4.337,                 2.0489,                 1.9287,              0.0018218,              0.0018218,              0.0018218
                     92,                  1.274,                 3.0502,                 1.2476,                 1.2599,                0.73769,                0.35714,                0.39284,                0.12525,                      0,                      0,                      0,                      0,                 2.2602,                 4.2804,                  2.057,                 1.8638,              0.0018198,              0.0018198,              0.0018198
                     93,                 1.2789,                 3.0234,                 1.2632,                  1.288,                 0.7286,                0.38367,                0.43811,                0.15064,                      0,                      0,                      0,                      0,                   2.15,                 4.2939,                  2.059,                 1.7949,              0.0018178,              0.0018178,              0.0018178
                     94,                 1.2689,                 3.0447,                 1.2388,                  1.266,                0.72095,                0.41533,                0.49733,                0.18358,                      0,                      0,                      0,                      0,                 1.9547,                 4.1746,                 1.8406,                 1.6466,              0.0018159,              0.0018159,              0.0018159
                     95,                 1.2861,                 3.0501,                 1.3167,                 1.3102,                0.76594,                0.40909,                 0.5279,                0.18844,                      0,                      0,                      0,                      0,                 1.8127,                 4.0938,                 1.8579,                 1.5472,              0.0018139,              0.0018139,              0.0018139
                     96,                 1.3346,                 3.1709,                 1.4255,                 1.3037,                0.55986,                0.53571,                0.52937,                0.20681,                 0.0803,                0.01786,                0.00355,                0.00076,                 1.8368,                  4.031,                 1.6139,                 1.5161,              0.0018119,              0.0018119,              0.0018119
                     97,                 1.3299,                 3.1159,                 1.2754,                 1.2625,                 0.6104,                0.53571,                0.51964,                0.19481,                0.07078,                0.01786,                0.00306,                0.00062,                 1.8847,                 3.8894,                 1.5763,                 1.6189,              0.0018099,              0.0018099,              0.0018099
                     98,                 1.2815,                 2.8769,                 1.3251,                 1.2721,                0.61711,                0.30357,                 0.4065,                0.13895,                      0,                      0,                      0,                      0,                 2.1086,                  4.017,                 1.8784,                 1.7378,              0.0018079,              0.0018079,              0.0018079
                     99,                 1.2378,                 3.0791,                 1.2989,                 1.2378,                0.47261,                0.46429,                0.42366,                0.12052,                      0,                      0,                      0,                      0,                 2.1711,                  4.378,                 2.0203,                 1.7848,               0.001806,               0.001806,               0.001806
                    100,                 1.2354,                 3.0906,                 1.3287,                   1.26,                0.54697,                0.33929,                 0.3598,                0.12521,                      0,                      0,                      0,                      0,                 2.1016,                 4.5435,                 2.3127,                 1.6031,               0.001804,               0.001804,               0.001804
                    101,                 1.1946,                 2.8395,                 1.2146,                  1.231,                0.49817,                0.30141,                0.29351,                0.11446,                      0,                      0,                      0,                      0,                 2.0725,                 4.4522,                 2.3864,                 1.6194,               0.001802,               0.001802,               0.001802
                    102,                 1.1652,                 2.8109,                 1.1873,                 1.2199,                0.49006,                  0.375,                 0.3463,                 0.1368,                0.00216,                0.01786,                0.00111,                0.00011,                 2.1334,                 4.4527,                 2.2968,                 1.7262,                 0.0018,                 0.0018,                 0.0018
                    103,                 1.1858,                 3.0286,                 1.2093,                 1.2691,                0.66057,                0.33929,                0.39634,                0.16814,                      0,                      0,                      0,                      0,                 2.0774,                 4.3491,                  1.984,                 1.7365,               0.001798,               0.001798,               0.001798
                    104,                 1.1947,                 2.9026,                 1.2212,                 1.2698,                0.73172,                0.33929,                0.43256,                0.20678,                      0,                      0,                      0,                      0,                 1.9648,                 4.1216,                 1.8383,                 1.7447,              0.0017961,              0.0017961,              0.0017961
                    105,                 1.2374,                 2.9757,                 1.2159,                 1.2665,                0.53692,                0.33141,                0.38008,                0.17635,                      0,                      0,                      0,                      0,                 1.9423,                 4.0575,                 1.9506,                  1.705,              0.0017941,              0.0017941,              0.0017941
                    106,                 1.2766,                 2.9482,                  1.224,                 1.2812,                0.55174,                0.39286,                0.40609,                0.14796,                      0,                      0,                      0,                      0,                 2.0577,                 4.2128,                 1.9441,                 1.8099,              0.0017921,              0.0017921,              0.0017921
                    107,                 1.2089,                 2.9474,                 1.1889,                 1.2344,                0.49646,                0.46429,                0.39079,                0.14548,                      0,                      0,                      0,                      0,                 2.1687,                 4.2924,                 1.7515,                 1.8958,              0.0017901,              0.0017901,              0.0017901
                    108,                 1.2519,                 2.8526,                 1.1959,                 1.2627,                0.59354,                0.48214,                0.46984,                0.19161,                      0,                      0,                      0,                      0,                 2.0819,                 4.4207,                 1.8126,                 1.8067,              0.0017881,              0.0017881,              0.0017881
                    109,                 1.1998,                 2.9501,                  1.188,                 1.2124,                0.54684,                    0.5,                0.49601,                0.20918,                      0,                      0,                      0,                      0,                 1.9381,                 4.3303,                 1.8573,                 1.6412,              0.0017862,              0.0017862,              0.0017862
                    110,                 1.2056,                 2.9366,                 1.2112,                 1.2095,                0.57211,                0.38213,                0.38654,                0.15269,                      0,                      0,                      0,                      0,                 1.9392,                 4.0202,                 2.0696,                 1.6756,              0.0017842,              0.0017842,              0.0017842
                    111,                 1.1723,                  2.936,                 1.2111,                 1.2209,                0.60285,                  0.375,                0.39596,                0.14434,                      0,                      0,                      0,                      0,                 1.9853,                 4.0392,                 1.9936,                 1.7234,              0.0017822,              0.0017822,              0.0017822
                    112,                 1.2019,                 2.8017,                 1.1618,                 1.2296,                0.50055,                0.42857,                0.42419,                0.15674,                      0,                      0,                      0,                      0,                  2.055,                 4.1438,                 2.0153,                 1.6765,              0.0017802,              0.0017802,              0.0017802
                    113,                 1.2053,                 2.8833,                  1.146,                 1.2302,                0.49853,                0.51487,                0.36247,                0.14606,                      0,                      0,                      0,                      0,                 2.0691,                 4.1035,                 2.0075,                 1.6933,              0.0017782,              0.0017782,              0.0017782
                    114,                 1.1744,                 2.8977,                 1.1669,                  1.238,                0.55002,                0.28571,                0.31856,                0.10842,                      0,                      0,                      0,                      0,                 2.0734,                 4.1032,                 2.6703,                  1.712,              0.0017763,              0.0017763,              0.0017763
                    115,                  1.153,                 2.8214,                 1.1602,                 1.1716,                0.34575,                0.39286,                0.31321,                0.11486,                      0,                      0,                      0,                      0,                 2.0284,                 4.0615,                 2.7813,                 1.6856,              0.0017743,              0.0017743,              0.0017743
                    116,                  1.097,                 2.8062,                  1.066,                 1.1543,                0.42108,                 0.4157,                0.34129,                0.10632,                      0,                      0,                      0,                      0,                 2.0698,                 4.0397,                 2.3921,                 1.6115,              0.0017723,              0.0017723,              0.0017723
                    117,                 1.1573,                 2.7774,                 1.1533,                 1.1866,                0.44569,                0.41645,                0.32783,                0.10118,                      0,                      0,                      0,                      0,                 2.1057,                 4.0846,                 2.3717,                 1.6084,              0.0017703,              0.0017703,              0.0017703
                    118,                 1.1239,                 2.7813,                 1.1252,                 1.1724,                0.45067,                0.48214,                0.31791,                0.09849,                      0,                      0,                      0,                      0,                 2.1953,                 4.4484,                 2.1624,                 1.7465,              0.0017683,              0.0017683,              0.0017683
                    119,                 1.2162,                 2.9139,                 1.2088,                 1.2304,                0.38116,                0.41071,                0.29703,                0.10711,                      0,                      0,                      0,                      0,                 2.0858,                 4.4126,                 2.1225,                 1.6749,              0.0017664,              0.0017664,              0.0017664
                    120,                 1.1284,                 2.7407,                 1.1434,                 1.1677,                0.45345,                0.35714,                 0.2931,                0.09761,                      0,                      0,                      0,                      0,                 2.2313,                 4.3571,                  2.199,                 1.6983,              0.0017644,              0.0017644,              0.0017644
                    121,                 1.1224,                  2.928,                 1.1821,                 1.1615,                0.34445,                0.32143,                0.23371,                 0.0809,                0.00077,                0.01786,                0.00039,                  4e-05,                 2.3669,                 4.4243,                 2.3181,                 1.7529,              0.0017624,              0.0017624,              0.0017624
                    122,                 1.1131,                 2.8364,                 1.0979,                  1.174,                0.38371,                0.16071,                0.22498,                 0.0703,                      0,                      0,                      0,                      0,                 2.3807,                 4.1499,                 2.6609,                  1.773,              0.0017604,              0.0017604,              0.0017604
                    123,                 1.0908,                 2.8375,                 1.1906,                 1.1709,                0.54718,                0.17857,                0.23023,                0.06726,                      0,                      0,                      0,                      0,                 2.3255,                 4.1618,                 2.5194,                  1.769,              0.0017584,              0.0017584,              0.0017584
                    124,                 1.1687,                  2.868,                 1.1801,                 1.2263,                 0.2477,                0.32143,                0.23278,                0.07159,                      0,                      0,                      0,                      0,                 2.2439,                 4.3723,                 2.4274,                 1.8042,              0.0017565,              0.0017565,              0.0017565
                    125,                 1.1285,                 2.8369,                 1.1413,                 1.1854,                0.24213,                  0.375,                0.24974,                0.06859,                      0,                      0,                      0,                      0,                 2.2551,                 4.5118,                 2.4985,                 1.7954,              0.0017545,              0.0017545,              0.0017545
                    126,                 1.1523,                 2.7026,                 1.0935,                  1.199,                 0.2056,                0.21429,                0.17125,                0.05404,                0.01671,                0.01786,                0.00068,                  7e-05,                 2.3024,                 4.4423,                 2.9621,                 1.7958,              0.0017525,              0.0017525,              0.0017525
                    127,                 1.0924,                 2.6413,                 1.1316,                  1.176,                0.17973,                0.21521,                0.17242,                 0.0531,                0.00974,                0.01786,                 0.0008,                  8e-05,                 2.2636,                 4.3025,                 2.9707,                 1.8023,              0.0017505,              0.0017505,              0.0017505
                    128,                 1.1435,                 2.7638,                 1.1555,                  1.224,                0.37943,                0.30357,                0.29644,                0.10904,                0.29306,                0.01786,                0.00636,                0.00064,                 2.1466,                 4.2349,                 2.6146,                 1.7186,              0.0017485,              0.0017485,              0.0017485
                    129,                 1.1381,                 2.8762,                 1.1475,                 1.1952,                0.34776,                0.33929,                0.31364,                 0.1278,                0.37926,                0.01786,                0.01654,                0.00165,                 2.0997,                 4.3045,                 2.5853,                 1.6607,              0.0017466,              0.0017466,              0.0017466
                    130,                 1.0203,                  2.689,                 1.0082,                 1.1219,                0.44146,                0.46429,                0.43174,                0.16853,                      0,                      0,                      0,                      0,                 1.8908,                 4.4011,                 2.2299,                 1.5705,              0.0017446,              0.0017446,              0.0017446
                    131,                 1.1075,                 2.8015,                 1.0991,                 1.1973,                0.44205,                0.51786,                0.40951,                0.16275,                      0,                      0,                      0,                      0,                 1.9288,                 4.5374,                  2.197,                 1.6074,              0.0017426,              0.0017426,              0.0017426
                    132,                 1.1021,                 2.7287,                 1.1934,                 1.1884,                0.46182,                0.48214,                0.43953,                0.15439,                0.00319,                0.01786,                0.00168,                0.00017,                 1.9848,                 4.4422,                 2.2551,                  1.608,              0.0017406,              0.0017406,              0.0017406
                    133,                 1.0765,                 2.6805,                 1.0104,                 1.1751,                0.60224,                0.39286,                0.49885,                0.17292,                0.00306,                0.01786,                0.00157,                0.00031,                 1.9577,                 4.5656,                 2.2121,                 1.5873,              0.0017386,              0.0017386,              0.0017386
                    134,                 1.0694,                 2.6813,                 1.0173,                 1.1392,                0.47228,                0.35714,                0.30777,                0.13528,                      0,                      0,                      0,                      0,                  2.058,                 4.7556,                 2.3349,                 1.6552,              0.0017367,              0.0017367,              0.0017367
                    135,                 1.1026,                 2.7546,                 1.0696,                 1.1819,                0.41472,                0.33929,                0.29309,                0.10522,                      0,                      0,                      0,                      0,                 2.1688,                 4.6705,                 2.3702,                  1.798,              0.0017347,              0.0017347,              0.0017347
                    136,                 1.0749,                 2.7251,                 1.0182,                 1.1392,                0.40067,                0.41071,                0.35102,                0.11079,                      0,                      0,                      0,                      0,                 2.1385,                 4.5771,                 2.2324,                 1.7599,              0.0017327,              0.0017327,              0.0017327
                    137,                 1.0921,                 2.6003,                 1.0456,                 1.1465,                0.40469,                0.39286,                0.36724,                0.12438,                      0,                      0,                      0,                      0,                 2.0954,                 4.6393,                 2.1981,                 1.6966,              0.0017307,              0.0017307,              0.0017307
                    138,                 1.1168,                 2.6668,                 1.0478,                 1.1924,                0.51418,                0.41588,                 0.4472,                0.15079,                      0,                      0,                      0,                      0,                 2.1002,                 5.0139,                 1.9867,                 1.6986,              0.0017287,              0.0017287,              0.0017287
                    139,                 1.2157,                 2.7896,                 1.1471,                 1.2337,                0.47411,                0.51519,                0.47872,                0.14833,                      0,                      0,                      0,                      0,                 2.1603,                 5.1548,                 1.8222,                 1.7488,              0.0017268,              0.0017268,              0.0017268
                    140,                 1.1195,                 2.7184,                 1.0359,                 1.1876,                0.44043,                0.54821,                0.46874,                0.14837,                      0,                      0,                      0,                      0,                 2.1812,                 4.8257,                 1.8258,                 1.6938,              0.0017248,              0.0017248,              0.0017248
                    141,                 1.1549,                 2.7267,                 1.1211,                 1.1882,                0.44775,                0.53571,                0.47949,                0.15594,                      0,                      0,                      0,                      0,                 2.1104,                 4.8182,                 1.7786,                 1.6341,              0.0017228,              0.0017228,              0.0017228
                    142,                 1.0993,                 2.5637,                  1.103,                 1.1893,                0.56415,                0.42857,                0.47107,                0.20664,                      0,                      0,                      0,                      0,                 1.9181,                 4.8179,                 1.9931,                 1.5834,              0.0017208,              0.0017208,              0.0017208
                    143,                 1.0539,                 2.5627,                 1.0014,                 1.1288,                0.59596,                0.44643,                0.43145,                0.20475,                      0,                      0,                      0,                      0,                 1.9378,                 4.6062,                 2.1176,                 1.5901,              0.0017188,              0.0017188,              0.0017188
                    144,                 1.1078,                 2.5099,                 1.0423,                 1.1566,                0.57224,                0.42857,                0.42974,                0.21868,                      0,                      0,                      0,                      0,                 1.8535,                 4.4295,                 2.2215,                 1.4974,              0.0017169,              0.0017169,              0.0017169
                    145,                  1.047,                 2.6416,                0.98008,                 1.1394,                0.55933,                0.44643,                0.44452,                0.20351,                      0,                      0,                      0,                      0,                 1.9172,                 4.3883,                  2.172,                 1.5605,              0.0017149,              0.0017149,              0.0017149
                    146,                 1.0259,                 2.4264,                0.99436,                 1.1223,                0.58076,                  0.375,                0.40832,                0.18332,                      0,                      0,                      0,                      0,                 2.0372,                 4.3612,                 2.0966,                 1.7135,              0.0017129,              0.0017129,              0.0017129
                    147,                0.99288,                 2.4511,                0.92333,                 1.1107,                0.66431,                0.33929,                0.44164,                0.17907,                      0,                      0,                      0,                      0,                 2.0517,                 4.4116,                 1.9833,                  1.751,              0.0017109,              0.0017109,              0.0017109
                    148,                 1.0873,                 2.6151,                 1.0726,                 1.1946,                0.61598,                0.39286,                 0.4161,                0.17598,                      0,                      0,                      0,                      0,                 2.0469,                 4.8363,                 2.0443,                 1.7153,              0.0017089,              0.0017089,              0.0017089
                    149,                 1.1008,                 2.6419,                 1.0014,                 1.1745,                0.78898,                   0.25,                0.34563,                 0.1516,                      0,                      0,                      0,                      0,                 1.9889,                 4.8555,                 1.9961,                 1.6719,               0.001707,               0.001707,               0.001707
                    150,                 1.0573,                 2.6141,                 1.0119,                 1.1292,                0.49309,                0.35714,                0.30323,                0.10776,                      0,                      0,                      0,                      0,                 2.0831,                 4.5954,                 2.3369,                 1.7289,               0.001705,               0.001705,               0.001705
                    151,                 1.1171,                 2.5694,                 1.0514,                 1.1858,                 0.4884,                0.32395,                0.34332,                0.11256,                      0,                      0,                      0,                      0,                 2.2423,                 4.5549,                 2.3928,                 1.7945,               0.001703,               0.001703,               0.001703
                    152,                 1.0783,                   2.58,                 1.0325,                 1.1551,                0.41446,                  0.375,                0.37656,                0.13081,                      0,                      0,                      0,                      0,                 2.1421,                 4.5785,                  2.314,                  1.654,               0.001701,               0.001701,               0.001701
                    153,                 1.0795,                 2.6236,                  1.039,                 1.1578,                0.43086,                  0.375,                0.35222,                0.13527,                      0,                      0,                      0,                      0,                 2.1189,                 4.6399,                  2.365,                 1.6416,               0.001699,               0.001699,               0.001699
                    154,                 1.0643,                 2.6278,                 1.0224,                 1.1619,                0.46083,                0.32143,                0.31652,                0.12774,                      0,                      0,                      0,                      0,                 2.1309,                 4.5444,                  2.749,                 1.6246,              0.0016971,              0.0016971,              0.0016971
                    155,                  1.065,                 2.5791,                 1.0475,                 1.1666,                0.48317,                0.30357,                0.31094,                 0.1372,                      0,                      0,                      0,                      0,                 2.1533,                 4.5615,                 2.8769,                 1.6461,              0.0016951,              0.0016951,              0.0016951
                    156,                 1.0848,                 2.5363,                  1.048,                 1.1739,                0.51183,                0.30357,                0.29199,                0.13573,                      0,                      0,                      0,                      0,                 2.0422,                 4.5236,                 2.9476,                 1.6211,              0.0016931,              0.0016931,              0.0016931
                    157,                0.97332,                 2.3182,                0.92601,                 1.0878,                0.46466,                0.29461,                0.34681,                0.14169,                      0,                      0,                      0,                      0,                 1.9167,                 4.5838,                 2.8282,                 1.5407,              0.0016911,              0.0016911,              0.0016911
                    158,                  1.111,                 2.5862,                0.99648,                 1.1724,                0.53701,                0.46429,                0.45897,                 0.1947,                0.00268,                0.01786,                0.00158,                0.00016,                 2.0461,                 4.8722,                 2.1297,                 1.6283,              0.0016891,              0.0016891,              0.0016891
                    159,                 1.1363,                 2.5529,                 1.0644,                 1.1775,                0.53524,                    0.5,                 0.4244,                0.17374,                0.02573,                0.01786,                0.00146,                0.00015,                 2.0988,                 4.9271,                 2.0352,                 1.6684,              0.0016872,              0.0016872,              0.0016872
                    160,                 1.0618,                 2.4732,                 1.0206,                 1.1094,                0.49674,                0.39286,                0.37822,                0.15659,                      0,                      0,                      0,                      0,                 2.0227,                 4.6686,                 1.9059,                 1.6286,              0.0016852,              0.0016852,              0.0016852
                    161,                0.98883,                 2.4674,                0.90629,                 1.1031,                0.45865,                0.44643,                0.32688,                0.12745,                0.00137,                0.01786,                0.00083,                  8e-05,                 2.0587,                  4.327,                 1.9901,                 1.6593,              0.0016832,              0.0016832,              0.0016832
                    162,                 1.0751,                 2.4453,                 1.0044,                 1.1635,                0.39095,                0.35714,                0.30805,                0.10916,                      0,                      0,                      0,                      0,                 2.0638,                 4.1115,                 2.1835,                 1.6679,              0.0016812,              0.0016812,              0.0016812
                    163,                 1.0154,                 2.4086,                0.90742,                 1.1062,                 0.5033,                0.32143,                0.31941,                0.11106,                      0,                      0,                      0,                      0,                 1.9226,                 4.0741,                 2.3001,                  1.605,              0.0016792,              0.0016792,              0.0016792
                    164,                0.96543,                 2.3557,                0.89812,                 1.0559,                0.32901,                0.42857,                0.32982,                0.13377,                      0,                      0,                      0,                      0,                  1.861,                 4.0633,                  2.296,                 1.5164,              0.0016773,              0.0016773,              0.0016773
                    165,                 1.0511,                 2.4556,                0.99328,                 1.1678,                 0.3748,                0.43897,                0.32816,                0.12802,                      0,                      0,                      0,                      0,                 1.8984,                 3.9662,                 2.4039,                 1.5235,              0.0016753,              0.0016753,              0.0016753
                    166,                 1.1328,                 2.6904,                  1.103,                 1.1982,                0.37759,                0.39286,                0.29148,                0.11407,                      0,                      0,                      0,                      0,                 1.9904,                 3.9672,                  2.753,                 1.6202,              0.0016733,              0.0016733,              0.0016733
                    167,                 1.0508,                 2.4672,                0.94276,                 1.1272,                0.24612,                0.23214,                 0.1897,                0.07287,                      0,                      0,                      0,                      0,                 2.1263,                 4.0038,                 3.1077,                 1.7472,              0.0016713,              0.0016713,              0.0016713
                    168,                 1.0235,                 2.4678,                0.98687,                 1.1397,                0.24756,                0.17857,                 0.0972,                0.03377,                      0,                      0,                      0,                      0,                 2.1727,                 3.9283,                 3.5472,                 1.8479,              0.0016693,              0.0016693,              0.0016693
                    169,                0.98206,                 2.4346,                0.91729,                  1.147,                0.20706,                0.23214,                0.13792,                0.04797,                      0,                      0,                      0,                      0,                 2.2001,                 3.9973,                   3.17,                  1.808,              0.0016674,              0.0016674,              0.0016674
                    170,                0.95615,                 2.3548,                 0.9261,                 1.1087,                0.36521,                0.46233,                0.36219,                0.13485,                      0,                      0,                      0,                      0,                 1.9371,                 4.4454,                 2.1479,                 1.6619,              0.0016654,              0.0016654,              0.0016654
                    171,                 0.9812,                  2.376,                 0.9184,                 1.1024,                0.31126,                0.55357,                0.32494,                0.12356,                0.00118,                0.01786,                0.00064,                0.00018,                 2.0155,                 4.5189,                  2.159,                 1.7334,              0.0016634,              0.0016634,              0.0016634
                    172,                0.95741,                 2.4511,                0.93566,                  1.124,                0.38702,                0.45104,                0.39999,                  0.118,                0.14887,                0.01786,                0.00467,                0.00052,                 2.2225,                 4.5045,                 2.2254,                 1.8308,              0.0016614,              0.0016614,              0.0016614
                    173,                 0.9968,                 2.3418,                0.95669,                  1.114,                0.35117,                0.32143,                0.28551,                0.09453,                0.14999,                0.01786,                0.00362,                0.00036,                 2.4024,                 4.3833,                 2.5147,                 2.0212,              0.0016594,              0.0016594,              0.0016594
                    174,                 1.0079,                 2.4432,                0.91101,                 1.1328,                0.43916,                0.26786,                0.25541,                0.08366,                0.00169,                0.01786,                0.00092,                  9e-05,                 2.6292,                 4.2815,                 2.4362,                  2.246,              0.0016575,              0.0016575,              0.0016575
                    175,                0.99037,                 2.4737,                0.97491,                 1.1194,                0.56267,                0.26786,                0.26739,                0.08598,                      0,                      0,                      0,                      0,                 2.6276,                 4.3293,                  2.516,                 2.3011,              0.0016555,              0.0016555,              0.0016555
                    176,                 1.0379,                 2.4695,                0.96267,                 1.1556,                 0.4255,                0.35714,                0.29615,                0.11109,                      0,                      0,                      0,                      0,                 2.5069,                 4.3912,                 2.3915,                 2.0387,              0.0016535,              0.0016535,              0.0016535
                    177,                0.99169,                 2.4316,                0.94865,                 1.0994,                0.46523,                0.30357,                 0.3387,                0.12738,                      0,                      0,                      0,                      0,                 2.3889,                 4.3863,                 2.2982,                 1.9177,              0.0016515,              0.0016515,              0.0016515
                    178,                0.94505,                 2.2448,                 0.8802,                 1.0851,                0.43792,                0.41745,                0.38798,                0.15119,                      0,                      0,                      0,                      0,                 2.2212,                 4.4249,                 2.2814,                 1.7404,              0.0016495,              0.0016495,              0.0016495
                    179,                0.96585,                 2.4053,                0.91196,                 1.1014,                0.61304,                0.30357,                0.35022,                0.13058,                      0,                      0,                      0,                      0,                 2.1632,                 4.4918,                 2.3699,                  1.746,              0.0016476,              0.0016476,              0.0016476
                    180,                0.91546,                 2.1772,                0.83039,                 1.0683,                0.38621,                0.42857,                 0.2995,                0.10847,                  0.203,                0.01786,                0.00451,                0.00045,                 2.2009,                 4.3683,                 2.5528,                 1.7975,              0.0016456,              0.0016456,              0.0016456
                    181,                0.93388,                 2.3742,                0.89255,                 1.0964,                0.38975,                  0.375,                0.27414,                0.09843,                0.19271,                0.01786,                0.00454,                0.00045,                 2.1854,                 4.3729,                 2.5594,                  1.724,              0.0016436,              0.0016436,              0.0016436
                    182,                0.98731,                 2.3683,                0.92181,                 1.1123,                0.35943,                0.37079,                0.30058,                0.11552,                0.21119,                0.01786,                0.00439,                0.00044,                 2.0816,                 4.3982,                 2.4592,                 1.6274,              0.0016416,              0.0016416,              0.0016416
                    183,                0.95195,                 2.2442,                0.86763,                 1.1014,                0.42565,                0.44643,                0.34749,                0.12361,                0.18022,                0.01786,                0.00561,                0.00112,                 2.1181,                 4.4277,                 2.2978,                 1.5928,              0.0016396,              0.0016396,              0.0016396
                    184,                 1.0109,                 2.4084,                0.92954,                 1.1205,                0.54325,                0.39286,                0.42889,                0.13883,                0.00115,                0.01786,                0.00059,                0.00012,                 2.0253,                 4.4743,                 2.0389,                 1.5602,              0.0016377,              0.0016377,              0.0016377
                    185,                0.97806,                 2.3735,                0.89042,                 1.1421,                0.44359,                0.51786,                0.38997,                0.14366,                0.01626,                0.01786,                0.00096,                0.00018,                 2.0179,                 4.5506,                 1.9858,                 1.6385,              0.0016357,              0.0016357,              0.0016357
                    186,                0.97851,                 2.3217,                0.91432,                 1.1085,                0.38588,                0.51786,                0.39623,                0.14074,                0.00797,                0.01786,                0.00105,                0.00029,                   2.01,                 4.8056,                 2.1549,                 1.6972,              0.0016337,              0.0016337,              0.0016337
                    187,                0.98767,                 2.4226,                0.93483,                 1.1193,                0.44166,                0.42857,                0.34357,                0.12019,                0.00213,                0.01786,                 0.0011,                0.00011,                 2.0832,                 4.9959,                 2.3309,                 1.8141,              0.0016317,              0.0016317,              0.0016317
                    188,                0.97811,                 2.3678,                0.92336,                 1.0908,                0.51839,                0.42294,                0.42393,                0.12722,                0.42353,                0.01786,                0.01108,                0.00111,                 2.2211,                 5.3379,                 2.3764,                  1.917,              0.0016297,              0.0016297,              0.0016297
                    189,                0.91122,                 2.2434,                 0.8692,                 1.0791,                0.40622,                0.40323,                0.38517,                0.12901,                0.43071,                0.01786,                0.01126,                0.00132,                 2.2529,                 5.4355,                 2.3103,                 2.0118,              0.0016278,              0.0016278,              0.0016278
                    190,                0.94017,                 2.3153,                0.86492,                 1.0694,                0.82016,                0.32589,                0.45804,                0.13006,                0.00362,                0.01786,                0.00189,                0.00019,                 2.2882,                  5.137,                 2.2809,                 2.0708,              0.0016258,              0.0016258,              0.0016258
                    191,                0.95344,                 2.3387,                0.93117,                 1.1085,                0.61298,                  0.375,                0.42254,                0.12128,                      0,                      0,                      0,                      0,                 2.2739,                 4.8761,                 2.5177,                 2.0265,              0.0016238,              0.0016238,              0.0016238
                    192,                0.91405,                 2.3088,                0.87028,                  1.086,                  0.589,                0.38399,                0.39118,                0.13376,                0.55034,                0.01786,                0.01729,                0.00173,                  2.126,                 4.9697,                 2.8728,                 1.8755,              0.0016218,              0.0016218,              0.0016218
                    193,                0.92116,                 2.3019,                0.85529,                 1.0798,                0.52861,                0.39286,                0.38089,                0.13612,                      0,                      0,                      0,                      0,                 2.0541,                 5.0011,                 2.9015,                 1.8451,              0.0016198,              0.0016198,              0.0016198
                    194,                0.94739,                 2.3194,                0.90063,                 1.0949,                0.70346,                0.33891,                0.41371,                0.17056,                      0,                      0,                      0,                      0,                 2.0392,                 4.9636,                 2.8098,                 1.7711,              0.0016179,              0.0016179,              0.0016179
                    195,                 1.0046,                 2.3914,                0.93699,                 1.1033,                0.71828,                0.40978,                0.44563,                0.15348,                      0,                      0,                      0,                      0,                 2.0448,                 4.7283,                 2.7259,                 1.7174,              0.0016159,              0.0016159,              0.0016159
                    196,                0.96812,                 2.1993,                0.86881,                 1.0802,                0.59373,                0.39286,                0.37035,                0.12823,                      0,                      0,                      0,                      0,                 2.2268,                 4.3099,                 2.7279,                 1.7868,              0.0016139,              0.0016139,              0.0016139
